{
	"conditions": [
		{
			"type": "forge:mod_loaded",
			"modid": "friendsandfoes"
		}
	],
    "entity": "friendsandfoes:wildfire",
    "name": "entity.friendsandfoes.wildfire",
    "name_color": "#C37400",
    "gui_scale": 0.7,
    "gui_x_offset": 0,
    "gui_y_offset": 0,
    "gui_z_offset": 0,
    "sim_cost": 512,
    "input": {
        "item": "hostilenetworks:prediction_matrix"
    },
    "base_drop": {
        "item": "hostilenetworks:nether_prediction"
    },
	"trivia": "custom.trivia.wildfire",
    "fabricator_drops": [
        {
            "item": "minecraft:blaze_rod",
            "count": 32
        },
        {
            "optional": true,
            "item": "reliquary:molten_core",
            "count": 4
        }
    ]
}