{
  "name": "repurposed_structures:witch_huts/dark_forest_start_pool",
  "fallback": "minecraft:empty",
  "elements": [
    {
      "weight": 1,
      "element": {
        "location": "hexerei:witch_huts/dark_forest/1",
        "processors": "repurposed_structures:witch_huts/dark_oak",
        "projection": "rigid",
        "element_type": "minecraft:legacy_single_pool_element"
      }
    },
    {
      "weight": 1,
      "element": {
        "location": "hexerei:witch_huts/dark_forest/2",
        "processors": "repurposed_structures:witch_huts/dark_oak",
        "projection": "rigid",
        "element_type": "minecraft:legacy_single_pool_element"
      }
    },
    {
      "weight": 1,
      "element": {
        "location": "hexerei:witch_huts/dark_forest/3",
        "processors": "hexerei:witch_hut/witch_hut_legs",
        "projection": "rigid",
        "element_type": "minecraft:single_pool_element"
      }
    },
    {
      "weight": 1,
      "element": {
        "location": "hexerei:witch_huts/dark_forest/4",
        "processors": "hexerei:witch_hut/witch_hut_legs",
        "projection": "rigid",
        "element_type": "minecraft:single_pool_element"
      }
    },
    {
      "weight": 1,
      "element": {
        "location": "hexerei:witch_huts/dark_forest/5",
        "processors": "hexerei:witch_hut/witch_hut_legs",
        "projection": "rigid",
        "element_type": "minecraft:single_pool_element"
      }
    },
    {
      "weight": 1,
      "element": {
        "location": "hexerei:witch_huts/dark_forest/6",
        "processors": "hexerei:witch_hut/witch_hut_legs",
        "projection": "rigid",
        "element_type": "minecraft:single_pool_element"
      }
    }
  ]
}