{
  "name": "repurposed_structures:witch_huts/mangrove_start_pool",
  "fallback": "minecraft:empty",
  "elements": [
    {
      "weight": 1,
      "element": {
        "location": "hexerei:witch_huts/mangrove/1",
        "processors": "repurposed_structures:witch_huts/mangrove",
        "projection": "rigid",
        "element_type": "minecraft:legacy_single_pool_element"
      }
    },
    {
      "weight": 1,
      "element": {
        "location": "hexerei:witch_huts/mangrove/2",
        "processors": "repurposed_structures:witch_huts/mangrove",
        "projection": "rigid",
        "element_type": "minecraft:legacy_single_pool_element"
      }
    },
    {
      "weight": 1,
      "element": {
        "location": "hexerei:witch_huts/mangrove/3",
        "processors": "hexerei:witch_hut/witch_hut_legs",
        "projection": "rigid",
        "element_type": "minecraft:single_pool_element"
      }
    },
    {
      "weight": 1,
      "element": {
        "location": "hexerei:witch_huts/mangrove/4",
        "processors": "hexerei:witch_hut/witch_hut_legs",
        "projection": "rigid",
        "element_type": "minecraft:single_pool_element"
      }
    },
    {
      "weight": 1,
      "element": {
        "location": "hexerei:witch_huts/mangrove/5",
        "processors": "hexerei:witch_hut/witch_hut_legs",
        "projection": "rigid",
        "element_type": "minecraft:single_pool_element"
      }
    },
    {
      "weight": 1,
      "element": {
        "location": "hexerei:witch_huts/mangrove/6",
        "processors": "hexerei:witch_hut/witch_hut_legs",
        "projection": "rigid",
        "element_type": "minecraft:single_pool_element"
      }
    }
  ]
}