{
  "name": "repurposed_structures:witch_huts/taiga_start_pool",
  "fallback": "minecraft:empty",
  "elements": [
    {
      "weight": 1,
      "element": {
        "location": "hexerei:witch_huts/taiga/1",
        "processors": "repurposed_structures:witch_huts/taiga",
        "projection": "rigid",
        "element_type": "minecraft:legacy_single_pool_element"
      }
    },
    {
      "weight": 1,
      "element": {
        "location": "hexerei:witch_huts/taiga/2",
        "processors": "repurposed_structures:witch_huts/taiga",
        "projection": "rigid",
        "element_type": "minecraft:legacy_single_pool_element"
      }
    },
    {
      "weight": 1,
      "element": {
        "location": "hexerei:witch_huts/taiga/3",
        "processors": "hexerei:witch_hut/witch_hut_legs",
        "projection": "rigid",
        "element_type": "minecraft:single_pool_element"
      }
    },
    {
      "weight": 1,
      "element": {
        "location": "hexerei:witch_huts/taiga/4",
        "processors": "hexerei:witch_hut/witch_hut_legs",
        "projection": "rigid",
        "element_type": "minecraft:single_pool_element"
      }
    },
    {
      "weight": 1,
      "element": {
        "location": "hexerei:witch_huts/taiga/5",
        "processors": "hexerei:witch_hut/witch_hut_legs",
        "projection": "rigid",
        "element_type": "minecraft:single_pool_element"
      }
    },
    {
      "weight": 1,
      "element": {
        "location": "hexerei:witch_huts/taiga/6",
        "processors": "hexerei:witch_hut/witch_hut_legs",
        "projection": "rigid",
        "element_type": "minecraft:single_pool_element"
      }
    }
  ]
}