{
	"conditions": [
		{
			"type": "forge:mod_loaded",
			"modid": "alexscaves"
		}
	],
    "entity": "alexscaves:gingerbread_man",
    "name": "entity.alexscaves.gingerbread_man",
    "name_color": "#7C3A13",
    "gui_scale": 1,
    "gui_x_offset": 0,
    "gui_y_offset": 0,
    "gui_z_offset": 0,
    "sim_cost": 192,
    "input": {
        "item": "hostilenetworks:prediction_matrix"
    },
    "base_drop": {
        "item": "hostilenetworks:overworld_prediction"
    },
    "trivia": "custom.trivia.gingerbread_man",
    "fabricator_drops": [
        {
            "item": "alexscaves:gingerbread_crumbs",
            "count": 16
        }
    ],
    "tier_data": [
		96,
        384,
        1536,
        6144
    ],
    "data_per_kill": [
        32,
        64,
        128,
        256
    ]
}