{
	"conditions": [
		{
			"type": "forge:mod_loaded",
			"modid": "alexscaves"
		}
	],
    "entity": "alexscaves:gumbeeper",
    "name": "entity.alexscaves.gumbeeper",
    "name_color": "#884A65",
    "gui_scale": 1,
    "gui_x_offset": 0,
    "gui_y_offset": 0,
    "gui_z_offset": 0,
    "sim_cost": 256,
    "input": {
        "item": "hostilenetworks:prediction_matrix"
    },
    "base_drop": {
        "item": "hostilenetworks:overworld_prediction"
    },
    "trivia": "custom.trivia.gumbeeper",
    "fabricator_drops": [
        {
            "item": "alexscaves:gumball_pile",
            "count": 16
        },
        {
            "item": "minecraft:gunpowder",
            "count": 8
        }
    ],
    "tier_data": [
		128,
        512,
        2048,
        8192
    ],
    "data_per_kill": [
        64,
        128,
        256,
        512
    ]
}