{
	"conditions": [
		{
			"type": "forge:mod_loaded",
			"modid": "alexscaves"
		}
	],
    "entity": "alexscaves:licowitch",
    "name": "entity.alexscaves.licowitch",
    "name_color": "#661180",
    "gui_scale": 0.8,
    "gui_x_offset": 0,
    "gui_y_offset": 0,
    "gui_z_offset": 0,
    "sim_cost": 512,
    "input": {
        "item": "hostilenetworks:prediction_matrix"
    },
    "base_drop": {
        "item": "hostilenetworks:overworld_prediction"
    },
    "trivia": "custom.trivia.licowitch",
    "fabricator_drops": [
        {
            "item": "alexscaves:radiant_essence",
            "count": 4
        },
        {
            "item": "alexscaves:chocolate_ice_cream_scoop",
            "count": 8
        },
        {
            "item": "alexscaves:sweetberry_ice_cream_scoop",
            "count": 8
        },
        {
            "item": "alexscaves:vanilla_ice_cream_scoop",
            "count": 8
        }
    ],
    "tier_data": [
		128,
        512,
        2048,
        8192
    ],
    "data_per_kill": [
        64,
        128,
        256,
        512
    ]
}