{
	"conditions": [
		{
			"type": "forge:mod_loaded",
			"modid": "alexscaves"
		}
	],
    "entity": "alexscaves:boundroid",
    "variants": [
		"alexscaves:boundroid_winch"
	],
    "name": "entity.alexscaves.boundroid",
    "name_color": "#A71516",
    "gui_scale": 1,
    "gui_x_offset": 0,
    "gui_y_offset": 0,
    "gui_z_offset": 0,
    "sim_cost": 256,
    "input": {
        "item": "hostilenetworks:prediction_matrix"
    },
    "base_drop": {
        "item": "hostilenetworks:overworld_prediction"
    },
    "trivia": "custom.trivia.boundroid",
    "fabricator_drops": [
        {
            "item": "alexscaves:heavyweight",
            "count": 1
        },
        {
            "item": "minecraft:chain",
            "count": 32
        }
    ],
    "tier_data": [
		128,
        512,
        2048,
        8192
    ],
    "data_per_kill": [
        64,
        128,
        256,
        512
    ]
}