{
	"conditions": [
		{
			"type": "forge:mod_loaded",
			"modid": "alexscaves"
		}
	],
    "entity": "alexscaves:ferrouslime",
    "name": "entity.alexscaves.ferrouslime",
    "name_color": "#52546B",
    "gui_scale": 0.98,
    "gui_x_offset": 0,
    "gui_y_offset": 0,
    "gui_z_offset": 0,
    "sim_cost": 256,
    "input": {
        "item": "hostilenetworks:prediction_matrix"
    },
    "base_drop": {
        "item": "hostilenetworks:overworld_prediction"
    },
    "trivia": "custom.trivia.ferrouslime",
    "fabricator_drops": [
        {
            "item": "alexscaves:ferrouslime_ball",
            "count": 8
        },
        {
            "optional": true,
            "item": "reliquary:slime_pearl",
            "count": 4
        }
    ],
    "tier_data": [
		128,
        512,
        2048,
        8192
    ],
    "data_per_kill": [
        64,
        128,
        256,
        512
    ]
}