{
	"conditions": [
		{
			"type": "forge:mod_loaded",
			"modid": "alexscaves"
		}
	],
    "entity": "alexscaves:notor",
    "name": "entity.alexscaves.notor",
    "name_color": "#FFFFFF",
    "gui_scale": 1,
    "gui_x_offset": 0,
    "gui_y_offset": 0,
    "gui_z_offset": 0,
    "sim_cost": 128,
    "input": {
        "item": "hostilenetworks:prediction_matrix"
    },
    "base_drop": {
        "item": "hostilenetworks:overworld_prediction"
    },
    "trivia": "custom.trivia.notor",
    "fabricator_drops": [
        {
            "item": "alexscaves:notor_gizmo",
            "count": 4
        }
    ],
    "tier_data": [
		64,
        256,
        1024,
        4096
    ],
    "data_per_kill": [
        16,
        32,
        64,
        128
    ]
}