{
	"conditions": [
		{
			"type": "forge:mod_loaded",
			"modid": "alexscaves"
		}
	],
    "entity": "alexscaves:teletor",
    "name": "entity.alexscaves.teletor",
    "name_color": "#3E5CD7",
    "gui_scale": 1,
    "gui_x_offset": 0,
    "gui_y_offset": -0.5,
    "gui_z_offset": 0,
    "sim_cost": 256,
    "input": {
        "item": "hostilenetworks:prediction_matrix"
    },
    "base_drop": {
        "item": "hostilenetworks:overworld_prediction"
    },
    "trivia": "custom.trivia.teletor",
    "fabricator_drops": [
        {
            "item": "alexscaves:raw_azure_neodymium",
            "count": 8
        },
        {
            "item": "alexscaves:raw_scarlet_neodymium",
            "count": 8
        },
        {
            "item": "alexscaves:telecore",
            "count": 1
        }
    ],
    "tier_data": [
		128,
        512,
        2048,
        8192
    ],
    "data_per_kill": [
        64,
        128,
        256,
        512
    ]
}