{
	"conditions": [
		{
			"type": "forge:mod_loaded",
			"modid": "ecologics"
		}
	],
    "entity": "ecologics:penguin",
    "variants": [
        "twilightforest:penguin"
	],
    "name": "entity.ecologics.penguin",
    "name_color": "#121117",
    "gui_scale": 1,
    "gui_x_offset": 0,
    "gui_y_offset": 0,
    "gui_z_offset": 0,
    "sim_cost": 64,
    "input": {
        "item": "hostilenetworks:prediction_matrix"
    },
    "base_drop": {
        "item": "hostilenetworks:overworld_prediction"
    },
	"trivia": "custom.trivia.penguin",
    "fabricator_drops": [
        {
            "item": "ecologics:penguin_feather",
            "count": 4
        }
    ]
}