{
    "entity": "minecraft:evoker",
    "name": "entity.minecraft.evoker",
    "name_color": "#BCA341",
    "gui_scale": 1.0,
    "gui_x_offset": 0,
    "gui_y_offset": 0,
    "gui_z_offset": 0,
    "sim_cost": 1024,
    "input": {
        "item": "hostilenetworks:prediction_matrix"
    },
    "base_drop": {
        "item": "hostilenetworks:overworld_prediction"
    },
    "trivia": "hostilenetworks.trivia.evoker",
    "fabricator_drops": [
        {
            "item": "minecraft:totem_of_undying",
            "count": 1
        },
        {
            "item": "minecraft:emerald",
            "count": 16
        }
    ],
    "tier_data": [
        6,
        54,
        354,
        1254
    ],
    "data_per_kill": [
        1,
        4,
        10,
        18
    ]
}