{
    "entity": "minecraft:llama",
    "variants": [
		"minecraft:trader_llama"
	],
    "name": "entity.minecraft.llama",
    "name_color": "#998967",
    "gui_scale": 1,
    "gui_x_offset": 0,
    "gui_y_offset": 0,
    "gui_z_offset": 0,
    "sim_cost": 64,
    "input": {
        "item": "hostilenetworks:prediction_matrix"
    },
    "base_drop": {
        "item": "hostilenetworks:overworld_prediction"
    },
    "trivia": "custom.trivia.llama",
    "fabricator_drops": [
        {
            "item": "minecraft:leather",
            "count": 16
        },
        {
            "optional": true,
            "item": "hexerei:animal_fat",
            "count": 16
        }
    ]
}