{
    "entity": "minecraft:wither",
    "name": "entity.minecraft.wither",
    "name_color": "#343434",
    "gui_scale": 0.5,
    "gui_x_offset": 0,
    "gui_y_offset": -0.33,
    "gui_z_offset": 0,
    "sim_cost": 2560,
    "input": {
        "item": "hostilenetworks:prediction_matrix"
    },
    "base_drop": {
        "item": "hostilenetworks:nether_prediction"
    },
    "trivia": "hostilenetworks.trivia.wither",
    "fabricator_drops": [
        {
            "item": "minecraft:nether_star",
            "count": 1
        }
    ],
	"tier_data": [
		128,
        1024,
        4096,
        16384
    ],
    "data_per_kill": [
        128,
        256,
        1024,
        2048
    ]
}