{
	"conditions": [
		{
			"type": "forge:mod_loaded",
			"modid": "bygonenether"
		}
	],
    "entity": "bygonenether:warped_enderman",
    "name": "entity.bygonenether.warped_enderman",
    "name_color": "#0A3935",
    "gui_scale": 0.75,
    "gui_x_offset": 0,
    "gui_y_offset": 0,
    "gui_z_offset": 0,
    "sim_cost": 576,
    "input": {
        "item": "hostilenetworks:prediction_matrix"
    },
    "base_drop": {
        "item": "hostilenetworks:nether_prediction"
    },
    "trivia": "custom.trivia.warped_enderman",
    "fabricator_drops": [
        {
            "item": "bygonenether:warped_ender_pearl",
            "count": 16
        },
		{
			"optional": true,
			"item": "evilcraft:ender_tear",
			"count": 6
		},
		{
			"optional": true,
			"item": "reliquary:nebulous_heart",
			"count": 3
		}
    ]
}