{
	"conditions": [
		{
			"type": "forge:mod_loaded",
			"modid": "cataclysm"
		}
	],
    "entity": "cataclysm:amethyst_crab",
    "name": "entity.cataclysm.amethyst_crab",
    "name_color": "#3C284F",
    "gui_scale": 0.4,
    "gui_x_offset": 0,
    "gui_y_offset": 0,
    "gui_z_offset": 0,
    "sim_cost": 164,
    "input": {
        "item": "hostilenetworks:prediction_matrix"
    },
    "base_drop": {
        "item": "hostilenetworks:overworld_prediction"
    },
	"trivia": "custom.trivia.amethyst_crab",
    "fabricator_drops": [
        {
            "item": "cataclysm:amethyst_crab_meat",
            "count": 32
        },
		{
            "item": "cataclysm:amethyst_crab_shell",
            "count": 8
        }
    ],
    "tier_data": [
		64,
        256,
        1024,
        4096
    ],
    "data_per_kill": [
        8,
        16,
        32,
        64
    ]
}