{
	"conditions": [
		{
			"type": "forge:mod_loaded",
			"modid": "cataclysm"
		}
	],
    "entity": "cataclysm:endermaptera",
    "name": "entity.cataclysm.endermaptera",
    "name_color": "#3C284F",
    "gui_scale": 1,
    "gui_x_offset": 0,
    "gui_y_offset": 0,
    "gui_z_offset": 0,
    "sim_cost": 64,
    "input": {
        "item": "hostilenetworks:prediction_matrix"
    },
    "base_drop": {
        "item": "hostilenetworks:end_prediction"
    },
	"trivia": "custom.trivia.endermaptera",
    "fabricator_drops": [
        {
            "item": "cataclysm:void_jaw",
            "count": 8
        }
    ],
	"tier_data": [
		64,
        256,
        1024,
        4096
    ],
    "data_per_kill": [
        8,
        16,
        32,
        64
    ]
}
}