{
	"conditions": [
		{
			"type": "forge:mod_loaded",
			"modid": "cataclysm"
		}
	],
    "entity": "cataclysm:ignited_berserker",
    "name": "entity.cataclysm.ignited_berserker",
    "name_color": "#825000",
    "gui_scale": 0.7,
    "gui_x_offset": 0,
    "gui_y_offset": 0,
    "gui_z_offset": 0,
    "sim_cost": 256,
    "input": {
        "item": "hostilenetworks:prediction_matrix"
    },
    "base_drop": {
        "item": "hostilenetworks:nether_prediction"
    },
	"trivia": "custom.trivia.ignited_berserker",
    "fabricator_drops": [
        {
            "item": "cataclysm:dying_ember",
            "count": 4
        }
    ],
	"tier_data": [
		96,
        384,
        1536,
        6144
    ],
    "data_per_kill": [
        24,
        48,
        96,
        192
    ]
}