{
	"conditions": [
		{
			"type": "forge:mod_loaded",
			"modid": "cataclysm"
		}
	],
    "entity": "cataclysm:koboleton",
    "name": "entity.cataclysm.koboleton",
    "name_color": "#B66802",
    "gui_scale": 1,
    "gui_x_offset": 0,
    "gui_y_offset": 0,
    "gui_z_offset": 0,
    "sim_cost": 128,
    "input": {
        "item": "hostilenetworks:prediction_matrix"
    },
    "base_drop": {
        "item": "hostilenetworks:nether_prediction"
    },
	"trivia": "custom.trivia.koboleton",
    "fabricator_drops": [
        {
            "item": "cataclysm:koboleton_bone",
            "count": 4
        },
		{
            "item": "cataclysm:ancient_metal_nugget",
            "count": 3
        }
    ],
	"tier_data": [
		64,
        256,
        1024,
        4096
    ],
    "data_per_kill": [
        8,
        16,
        32,
        64
    ]
}