{
	"conditions": [
		{
			"type": "forge:mod_loaded",
			"modid": "cataclysm"
		}
	],
    "entity": "cataclysm:lionfish",
    "name": "entity.cataclysm.lionfish",
    "name_color": "#1F3143",
    "gui_scale": 1,
    "gui_x_offset": 0,
    "gui_y_offset": 0.3,
    "gui_z_offset": 0,
    "sim_cost": 32,
    "input": {
        "item": "hostilenetworks:prediction_matrix"
    },
    "base_drop": {
        "item": "hostilenetworks:overworld_prediction"
    },
	"trivia": "custom.trivia.lionfish_cataclysm",
    "fabricator_drops": [
        {
            "item": "cataclysm:lionfish",
            "count": 32
        }
    ],
	"tier_data": [
		64,
        256,
        768,
        2048
    ],
    "data_per_kill": [
        4,
        8,
        12,
        16
    ]
}