{
	"conditions": [
		{
			"type": "forge:mod_loaded",
			"modid": "cataclysm"
		}
	],
    "entity": "cataclysm:netherite_monstrosity",
    "name": "entity.cataclysm.netherite_monstrosity",
    "name_color": "#945B00",
    "gui_scale": 0.2,
    "gui_x_offset": 0,
    "gui_y_offset": 0,
    "gui_z_offset": 0,
    "sim_cost": 2560,
    "input": {
        "item": "hostilenetworks:prediction_matrix"
    },
    "base_drop": {
        "item": "hostilenetworks:nether_prediction"
    },
	"trivia": "custom.trivia.netherite_monstrosity",
    "fabricator_drops": [
        {
            "item": "cataclysm:monstrous_horn",
            "count": 2
        },
		{
            "item": "cataclysm:lava_power_cell",
            "count": 32
        }
    ],
    "tier_data": [
		128,
        1024,
        4096,
        16384
    ],
    "data_per_kill": [
        128,
        256,
        1024,
        2048
    ]
}