{
	"conditions": [
		{
			"type": "forge:mod_loaded",
			"modid": "cataclysm"
		}
	],
    "entity": "cataclysm:the_prowler",
    "name": "entity.cataclysm.the_prowler",
    "name_color": "#FF5E5E",
    "gui_scale": 0.5,
    "gui_x_offset": 0,
    "gui_y_offset": 0,
    "gui_z_offset": 0,
    "sim_cost": 128,
    "input": {
        "item": "hostilenetworks:prediction_matrix"
    },
    "base_drop": {
        "item": "hostilenetworks:nether_prediction"
    },
	"trivia": "custom.trivia.the_prowler",
    "fabricator_drops": [
        {
            "item": "minecraft:iron_ingot",
            "count": 24
        },
		{
            "item": "minecraft:redstone",
            "count": 24
        }
    ],
	"tier_data": [
		64,
        256,
        1024,
        4096
    ],
    "data_per_kill": [
        8,
        16,
        32,
        64
    ]
}