{
	"conditions": [
		{
			"type": "forge:mod_loaded",
			"modid": "cataclysm"
		}
	],
    "entity": "cataclysm:the_harbinger",
    "name": "entity.cataclysm.the_harbinger",
    "name_color": "#F33149",
    "gui_scale": 0.4,
    "gui_x_offset": 0,
    "gui_y_offset": 0,
    "gui_z_offset": 0,
    "sim_cost": 2560,
    "input": {
        "item": "hostilenetworks:prediction_matrix"
    },
    "base_drop": {
        "item": "hostilenetworks:nether_prediction"
    },
	"trivia": "custom.trivia.the_harbinger",
    "fabricator_drops": [
        {
            "item": "cataclysm:witherite_block",
            "count": 2
        }
    ],
    "tier_data": [
		128,
        1024,
        4096,
        16384
    ],
    "data_per_kill": [
        128,
        256,
        1024,
        2048
    ]
}