{
	"conditions": [
		{
			"type": "forge:mod_loaded",
			"modid": "irons_spellbooks"
		}
	],
    "entity": "irons_spellbooks:apothecarist",
    "name": "entity.irons_spellbooks.apothecarist",
    "name_color": "#55EA62",
    "gui_scale": 1,
    "gui_x_offset": 0,
    "gui_y_offset": 0,
    "gui_z_offset": 0,
    "sim_cost": 96,
    "input": {
        "item": "hostilenetworks:prediction_matrix"
    },
    "base_drop": {
        "item": "hostilenetworks:nether_prediction"
    },
    "trivia": "custom.trivia.apothecarist",
    "fabricator_drops": [
        {
            "item": "irons_spellbooks:arcane_essence",
            "count": 8
        },
        {
            "item": "irons_spellbooks:nature_rune",
            "count": 1
        }
    ]
}