{
	"conditions": [
		{
			"type": "forge:mod_loaded",
			"modid": "irons_spellbooks"
		}
	],
    "entity": "irons_spellbooks:dead_king",
    "name": "entity.irons_spellbooks.dead_king",
    "name_color": "#D99413",
    "gui_scale": 0.53,
    "gui_x_offset": 0,
    "gui_y_offset": 0,
    "gui_z_offset": 0,
    "sim_cost": 2560,
    "input": {
        "item": "hostilenetworks:prediction_matrix"
    },
    "base_drop": {
        "item": "hostilenetworks:overworld_prediction"
    },
    "trivia": "custom.trivia.dead_king",
    "fabricator_drops": [
        {
            "item": "irons_spellbooks:arcane_essence",
            "count": 128
        },
        {
            "item": "irons_spellbooks:blank_rune",
            "count": 4
        }
	],
    "tier_data": [
		700,
        1014,
        2551,
        3170
    ],
    "data_per_kill": [
        700,
        507,
        638,
        400
    ]
}