{
	"conditions": [
		{
			"type": "forge:mod_loaded",
			"modid": "irons_spellbooks"
		}
	],
    "entity": "irons_spellbooks:priest",
    "name": "entity.irons_spellbooks.priest",
    "name_color": "#FCE969",
    "gui_scale": 1,
    "gui_x_offset": 0,
    "gui_y_offset": 0,
    "gui_z_offset": 0,
    "sim_cost": 96,
    "input": {
        "item": "hostilenetworks:prediction_matrix"
    },
    "base_drop": {
        "item": "hostilenetworks:overworld_prediction"
    },
    "trivia": "custom.trivia.priest",
    "fabricator_drops": [
        {
            "item": "irons_spellbooks:arcane_essence",
            "count": 8
        },
        {
            "item": "irons_spellbooks:holy_rune",
            "count": 1
        }
    ]
}