{
  "replace": false,
  "values": [
    {"id": "byg:allium_fields", "required": false},
	{"id": "byg:bayou", "required": false},
	{"id": "byg:cypress_swamplands", "required": false},
	{"id": "byg:ebony_woods", "required": false},
	{"id": "byg:maple_taiga", "required": false},
	{"id": "byg:black_forest", "required": false},
	{"id": "byg:weeping_witch_forest", "required": false},
	{"id": "byg:zelkova_forest", "required": false},
	{"id": "byg:forgotten_forest", "required": false}
  ]
}