{
  "replace": false,
  "values": [
    {"id": "#c:dead", "required": false},
    {"id": "#c:plains", "required": false},
    {"id": "#c:snowy", "required": false},
    {"id": "#c:snowy_plains", "required": false},
    {"id": "#c:desert", "required": false},
    {"id": "#c:savanna", "required": false},
    {"id": "#c:badlands", "required": false},
    {"id": "#c:swamp", "required": false},
	{"id": "#forge:is_plains", "required": false},
    {"id": "#forge:is_snowy", "required": false},
    {"id": "#forge:is_sandy", "required": false},
    {"id": "#forge:is_wasteland", "required": false},
    {"id": "#forge:is_dry/overworld", "required": false},
    {"id": "#forge:is_swamp", "required": false}
  ]
}