{
	"conditions": [
		{
			"type": "forge:mod_loaded",
			"modid": "upgrade_aquatic"
		}
	],
    "entity": "upgrade_aquatic:perch",
    "name": "entity.upgrade_aquatic.perch",
    "name_color": "#758A43",
    "gui_scale": 1,
    "gui_x_offset": 0,
    "gui_y_offset": 0,
    "gui_z_offset": 0,
    "sim_cost": 32,
    "input": {
        "item": "hostilenetworks:prediction_matrix"
    },
    "base_drop": {
        "item": "hostilenetworks:overworld_prediction"
    },
    "trivia": "custom.trivia.perch",
    "fabricator_drops": [
        {
            "optional": true,
            "item": "croptopia:roe",
            "count": 32
        },
        {
            "item": "upgrade_aquatic:perch",
            "count": 32
        },
        {
            "item": "minecraft:bone_meal",
            "count": 2
        }
    ]
}