{
	"conditions": [
		{
			"type": "forge:mod_loaded",
			"modid": "upgrade_aquatic"
		}
	],
    "entity": "upgrade_aquatic:thrasher",
    "name": "entity.upgrade_aquatic.thrasher",
    "name_color": "#416C7E",
    "gui_scale": 0.62,
    "gui_x_offset": 0,
    "gui_y_offset": 0,
    "gui_z_offset": 0,
    "sim_cost": 128,
    "input": {
        "item": "hostilenetworks:prediction_matrix"
    },
    "base_drop": {
        "item": "hostilenetworks:overworld_prediction"
    },
    "trivia": "custom.trivia.thrasher",
    "fabricator_drops": [
        {
            "item": "upgrade_aquatic:thrasher_tooth",
            "count": 8
        }
    ],
	"tier_data": [
		64,
        256,
        1024,
        4096
    ],
    "data_per_kill": [
        8,
        16,
        32,
        64
    ]
}