{
	"conditions": [
		{
			"type": "forge:mod_loaded",
			"modid": "netherexp"
		}
	],
    "entity": "netherexp:banshee",
    "name": "entity.netherexp.banshee",
    "name_color": "#139CA5",
    "gui_scale": 0.8,
    "gui_x_offset": 0,
    "gui_y_offset": 0,
    "gui_z_offset": 0,
    "sim_cost": 256,
    "input": {
        "item": "hostilenetworks:prediction_matrix"
    },
    "base_drop": {
        "item": "hostilenetworks:nether_prediction"
    },
    "trivia": "custom.trivia.banshee",
    "fabricator_drops": [
        {
            "item": "netherexp:banshee_rod",
            "count": 16
        }
    ]
}