{
	"conditions": [
		{
			"type": "forge:mod_loaded",
			"modid": "yungscavebiomes"
		}
	],
    "entity": "yungscavebiomes:ice_cube",
    "name": "entity.yungscavebiomes.ice_cube",
    "name_color": "#849DCA",
    "gui_scale": 0.8,
    "gui_x_offset": 0,
    "gui_y_offset": 0,
    "gui_z_offset": 0,
    "sim_cost": 128,
    "input": {
        "item": "hostilenetworks:prediction_matrix"
    },
    "base_drop": {
        "item": "hostilenetworks:overworld_prediction"
    },
    "trivia": "custom.trivia.ice_cube",
    "fabricator_drops": [
        {
            "item": "minecraft:ice",
            "count": 18
        },
        {
            "item": "minecraft:packed_ice",
            "count": 2
        },
        {
			"optional": true,
            "item": "biomeswevegone:black_ice",
            "count": 9
        },
        {
			"optional": true,
            "item": "biomeswevegone:packed_black_ice",
            "count": 1
        },
        {
			"optional": true,
            "item": "biomeswevegone:borealis_ice",
            "count": 9
        },
        {
			"optional": true,
            "item": "biomeswevegone:packed_borealis_ice",
            "count": 1
        },
        {
			"optional": true,
            "item": "ecologics:thin_ice",
            "count": 24
        }
    ],
    "tier_data": [
        6,
        12,
        48,
        60
    ],
    "data_per_kill": [
        6,
        9,
        12,
        15
    ]
}