{
	"conditions": [
		{
			"type": "forge:mod_loaded",
			"modid": "deep_dark_regrowth"
		}
	],
    "entity": "deep_dark_regrowth:abomination",
    "name": "entity.deep_dark_regrowth.abomination",
    "name_color": "#4E4E4E",
    "gui_scale": 0.7,
    "gui_x_offset": 0,
    "gui_y_offset": 0,
    "gui_z_offset": 0,
    "sim_cost": 5120,
    "input": {
        "item": "hostilenetworks:prediction_matrix"
    },
    "base_drop": {
        "item": "hostilenetworks:end_prediction"
    },
    "trivia": "custom.trivia.abomination",
    "fabricator_drops": [
		{
			"item": "deep_dark_regrowth:corrupted_matter",
			"count": 4
		}
    ],
	"tier_data": [
        6,
        66,
        666,
        1911
    ],
    "data_per_kill": [
        6,
        33,
        222,
        477
    ]
}