{
	"conditions": [
		{
			"type": "forge:mod_loaded",
			"modid": "deep_dark_regrowth"
		}
	],
    "entity": "deep_dark_regrowth:corrupted_skeleton",
    "name": "entity.deep_dark_regrowth.corrupted_skeleton",
    "name_color": "#847C59",
    "gui_scale": 1,
    "gui_x_offset": 0,
    "gui_y_offset": 0,
    "gui_z_offset": 0,
    "sim_cost": 256,
    "input": {
        "item": "hostilenetworks:prediction_matrix"
    },
    "base_drop": {
        "item": "hostilenetworks:overworld_prediction"
    },
    "trivia": "custom.trivia.corrupted_skeleton",
    "fabricator_drops": [
		{
			"item": "deep_dark_regrowth:sculk_bone",
			"count": 8
		}
    ],
	"tier_data": [
        6,
        66,
        118,
        666
    ],
    "data_per_kill": [
        6,
        33,
		30,
        111
    ]
}