{
	"conditions": [
		{
			"type": "forge:mod_loaded",
			"modid": "deep_dark_regrowth"
		}
	],
    "entity": "deep_dark_regrowth:ghost_jellyfish",
    "name": "entity.deep_dark_regrowth.ghost_jellyfish",
    "name_color": "#FFE9FF",
    "gui_scale": 1,
    "gui_x_offset": 0,
    "gui_y_offset": 1,
    "gui_z_offset": 0,
    "sim_cost": 64,
    "input": {
        "item": "hostilenetworks:prediction_matrix"
    },
    "base_drop": {
        "item": "hostilenetworks:overworld_prediction"
    },
    "trivia": "custom.trivia.ghost_jellyfish",
    "fabricator_drops": [
		{
			"item": "deep_dark_regrowth:ghost_jelly",
			"count": 4
		}
    ],
	"tier_data": [
        6,
        12,
        24,
        36
    ],
    "data_per_kill": [
        6,
        6,
		6,
        6
    ]
}