{
	"conditions": [
		{
			"type": "forge:mod_loaded",
			"modid": "deep_dark_regrowth"
		}
	],
    "entity": "deep_dark_regrowth:observer",
    "name": "entity.deep_dark_regrowth.observer",
    "name_color": "#FF0000",
    "gui_scale": 0.5,
    "gui_x_offset": 0,
    "gui_y_offset": 0,
    "gui_z_offset": 0,
    "sim_cost": 1280,
    "input": {
        "item": "hostilenetworks:prediction_matrix"
    },
    "base_drop": {
        "item": "hostilenetworks:end_prediction"
    },
    "trivia": "custom.trivia.observer",
    "fabricator_drops": [
		{
			"item": "deep_dark_regrowth:aware_lens",
			"count": 1
		}
    ],
	"tier_data": [
        61,
        373,
        533,
        5733
    ],
    "data_per_kill": [
        61,
        187,
        178,
        1435
    ]
}