{
	"conditions": [
		{
			"type": "forge:mod_loaded",
			"modid": "deep_dark_regrowth"
		}
	],
    "entity": "deep_dark_regrowth:stalker",
    "name": "entity.deep_dark_regrowth.stalker",
    "name_color": "#716C44",
    "gui_scale": 0.69,
    "gui_x_offset": 0,
    "gui_y_offset": 0,
    "gui_z_offset": 0,
    "sim_cost": 1792,
    "input": {
        "item": "hostilenetworks:prediction_matrix"
    },
    "base_drop": {
        "item": "hostilenetworks:end_prediction"
    },
    "trivia": "custom.trivia.stalker_regrowth",
    "fabricator_drops": [
		{
			"item": "deep_dark_regrowth:mossy_fluorite",
			"count": 8
		}
    ],
	"tier_data": [
        61,
        373,
        4719,
		5733
    ],
    "data_per_kill": [
        61,
        187,
        1573,
        1435
    ]
}