{
	"conditions": [
		{
			"type": "forge:mod_loaded",
			"modid": "outer_end"
		}
	],
    "entity": "outer_end:himmelite",
    "name": "entity.outer_end.himmelite",
    "name_color": "#8CCDEA",
    "gui_scale": 1,
    "gui_x_offset": 0,
    "gui_y_offset": 0,
    "gui_z_offset": 0,
    "sim_cost": 128,
    "input": {
        "item": "hostilenetworks:prediction_matrix"
    },
    "base_drop": {
        "item": "hostilenetworks:end_prediction"
    },
    "trivia": "custom.trivia.himmelite",
    "fabricator_drops": [
        {
            "item": "outer_end:floral_paste",
            "count": 16
        }
    ]
}