{
	"conditions": [
		{
			"type": "forge:mod_loaded",
			"modid": "outer_end"
		}
	],
    "entity": "outer_end:purpur_golem",
    "name": "entity.outer_end.purpur_golem",
    "name_color": "#6E4F6E",
    "gui_scale": 0.65,
    "gui_x_offset": 0,
    "gui_y_offset": 0,
    "gui_z_offset": 0,
    "sim_cost": 256,
    "input": {
        "item": "hostilenetworks:prediction_matrix"
    },
    "base_drop": {
        "item": "hostilenetworks:end_prediction"
    },
    "trivia": "custom.trivia.purpur_golem",
    "fabricator_drops": [
        {
            "item": "minecraft:purpur_block",
            "count": 32
        },
        {
            "item": "minecraft:ender_eye",
            "count": 8
        }
    ]
}