{
	"conditions": [
		{
			"type": "forge:mod_loaded",
			"modid": "alexscaves"
		}
	],
    "entity": "alexscaves:luxtructosaurus",
    "name": "entity.alexscaves.luxtructosaurus",
    "name_color": "#6C0C0c",
    "gui_scale": 0.15,
    "gui_x_offset": 0,
    "gui_y_offset": 0,
    "gui_z_offset": 0,
    "sim_cost": 1536,
    "input": {
        "item": "hostilenetworks:prediction_matrix"
    },
    "base_drop": {
        "item": "hostilenetworks:overworld_prediction"
    },
    "trivia": "custom.trivia.luxtructosaurus",
    "fabricator_drops": [
        {
            "item": "alexscaves:tectonic_shard",
            "count": 8
        },
        {
            "item": "alexscaves:heavy_bone",
            "count": 12
        },
		{
            "item": "alexscaves:dinosaur_chop",
            "count": 6
        }
    ],
    "tier_data": [
		256,
        1024,
        4096,
        16384
    ],
    "data_per_kill": [
        256,
        512,
        1365,
        4096
    ]
}