{
	"conditions": [
		{
			"type": "forge:mod_loaded",
			"modid": "alexscaves"
		}
	],
    "entity": "alexscaves:relicheirus",
    "name": "entity.alexscaves.relicheirus",
    "name_color": "#56295D",
    "gui_scale": 0.25,
    "gui_x_offset": 0,
    "gui_y_offset": 0,
    "gui_z_offset": 0,
    "sim_cost": 192,
    "input": {
		"item": "hostilenetworks:prediction_matrix"
    },
    "base_drop": {
        "item": "hostilenetworks:overworld_prediction"
    },
    "trivia": "custom.trivia.relicheirus",
    "fabricator_drops": [
        {
            "item": "minecraft:feather",
            "count": 32
        },
        {
            "item": "alexscaves:heavy_bone",
            "count": 12
        },
        {
            "item": "alexscaves:relicheirus_egg",
            "count": 4
        },
        {
            "item": "alexscaves:dinosaur_chop",
            "count": 4
        }
    ],
    "tier_data": [
		96,
        384,
        1536,
        6144
    ],
    "data_per_kill": [
        32,
        64,
        128,
        256
    ]
}