{
	"conditions": [
		{
			"type": "forge:mod_loaded",
			"modid": "alexscaves"
		}
	],
    "entity": "alexscaves:subterranodon",
    "name": "entity.alexscaves.subterranodon",
    "name_color": "#006F70",
    "gui_scale": 0.5,
    "gui_x_offset": 0,
    "gui_y_offset": 0,
    "gui_z_offset": 0,
    "sim_cost": 192,
    "input": {
        "item": "hostilenetworks:prediction_matrix"
    },
    "base_drop": {
        "item": "hostilenetworks:overworld_prediction"
    },
    "trivia": "custom.trivia.subterranodon",
    "fabricator_drops": [
        {
            "item": "alexscaves:subterranodon_egg",
            "count": 4
        }
    ],
    "tier_data": [
		96,
        384,
        1536,
        6144
    ],
    "data_per_kill": [
        32,
        64,
        128,
        256
    ]
}