{
	"conditions": [
		{
			"type": "forge:mod_loaded",
			"modid": "alexscaves"
		}
	],
    "entity": "alexscaves:tremorsaurus",
    "name": "entity.alexscaves.tremorsaurus",
    "name_color": "#304206",
    "gui_scale": 0.2,
    "gui_x_offset": 0,
    "gui_y_offset": 0,
    "gui_z_offset": 0,
    "sim_cost": 256,
    "input": {
        "item": "hostilenetworks:prediction_matrix"
    },
    "base_drop": {
        "item": "hostilenetworks:overworld_prediction"
    },
    "trivia": "custom.trivia.tremorsaurus",
    "fabricator_drops": [
        {
            "item": "alexscaves:heavy_bone",
            "count": 8
        },
        {
            "item": "alexscaves:tremorsaurus_egg",
            "count": 4
        },
        {
            "item": "alexscaves:dinosaur_chop",
            "count": 4
        }
    ],
    "tier_data": [
		128,
        512,
        2048,
        8192
    ],
    "data_per_kill": [
        64,
        128,
        256,
        512
    ]
}