{
	"conditions": [
		{
			"type": "forge:mod_loaded",
			"modid": "alexsmobs"
		}
	],
    "entity": "alexsmobs:blobfish",
    "name": "entity.alexsmobs.blobfish",
    "name_color": "#C9A79A",
    "gui_scale": 1,
    "gui_x_offset": 0,
    "gui_y_offset": 0,
    "gui_z_offset": 0,
    "sim_cost": 32,
    "input": {
        "item": "hostilenetworks:prediction_matrix"
    },
    "base_drop": {
        "item": "hostilenetworks:overworld_prediction"
    },
    "trivia": "custom.trivia.blobfish",
    "fabricator_drops": [
        {
            "item": "alexsmobs:blobfish",
            "count": 32
        },
        {
            "item": "minecraft:bone_meal",
            "count": 2
        }
    ]
}