{
	"conditions": [
		{
			"type": "forge:mod_loaded",
			"modid": "alexsmobs"
		}
	],
    "entity": "alexsmobs:catfish",
    "name": "entity.alexsmobs.catfish",
    "name_color": "#787551",
    "gui_scale": 1,
    "gui_x_offset": 0,
    "gui_y_offset": 0,
    "gui_z_offset": 0,
    "sim_cost": 32,
    "input": {
        "item": "hostilenetworks:prediction_matrix"
    },
    "base_drop": {
        "item": "hostilenetworks:overworld_prediction"
    },
    "trivia": "custom.trivia.catfish",
    "fabricator_drops": [
        {
            "item": "alexsmobs:raw_catfish",
            "count": 32
        }
    ]
}