{
	"conditions": [
		{
			"type": "forge:mod_loaded",
			"modid": "alexsmobs"
		}
	],
    "entity": "alexsmobs:crocodile",
    "name": "entity.alexsmobs.crocodile",
	"variants": [
		"alexsmobs:caiman"
	],
    "name_color": "#545943",
    "gui_scale": 1,
    "gui_x_offset": 0,
    "gui_y_offset": 0,
    "gui_z_offset": 0,
    "sim_cost": 128,
    "input": {
        "item": "hostilenetworks:prediction_matrix"
    },
    "base_drop": {
        "item": "hostilenetworks:overworld_prediction"
    },
    "trivia": "custom.trivia.crocodile",
    "fabricator_drops": [
        {
            "item": "alexsmobs:crocodile_scute",
            "count": 8
        },
        {
            "item": "alexsmobs:crocodile_egg",
            "count": 4
        },
        {
            "item": "alexsmobs:caiman_egg",
            "count": 2
        }
    ]
}