{
	"conditions": [
		{
			"type": "forge:mod_loaded",
			"modid": "alexsmobs"
		}
	],
    "entity": "alexsmobs:laviathan",
    "name": "entity.alexsmobs.laviathan",
    "name_color": "#2B2E3B",
    "gui_scale": 0.3,
    "gui_x_offset": 0,
    "gui_y_offset": 0,
    "gui_z_offset": 0,
    "sim_cost": 64,
    "input": {
        "item": "hostilenetworks:prediction_matrix"
    },
    "base_drop": {
        "item": "hostilenetworks:nether_prediction"
    },
    "trivia": "custom.trivia.laviathan",
    "fabricator_drops": [
        {
            "item": "minecraft:blackstone",
            "count": 8
        },
        {
            "item": "minecraft:magma_block",
            "count": 4
        },
        {
            "item": "minecraft:obsidian",
            "count": 2
        }
    ]
}