{
	"conditions": [
		{
			"type": "forge:mod_loaded",
			"modid": "alexsmobs"
		}
	],
    "entity": "alexsmobs:rocky_roller",
    "name": "entity.alexsmobs.rocky_roller",
    "name_color": "#9D8662",
    "gui_scale": 1,
    "gui_x_offset": 0,
    "gui_y_offset": 0,
    "gui_z_offset": 0,
    "sim_cost": 128,
    "input": {
        "item": "hostilenetworks:prediction_matrix"
    },
    "base_drop": {
        "item": "hostilenetworks:overworld_prediction"
    },
    "trivia": "custom.trivia.rocky_roller",
    "fabricator_drops": [
        {
            "item": "alexsmobs:rocky_shell",
            "count": 2
        },
        {
            "item": "minecraft:pointed_dripstone",
            "count": 32
        },
        {
            "item": "minecraft:tuff",
            "count": 16
        }
    ]
}