{
	"conditions": [
		{
			"type": "forge:mod_loaded",
			"modid": "alexsmobs"
		}
	],
    "entity": "alexsmobs:tusklin",
    "name": "entity.alexsmobs.tusklin",
    "name_color": "#E6E9EC",
    "gui_scale": 0.75,
    "gui_x_offset": 0,
    "gui_y_offset": 0,
    "gui_z_offset": 0,
    "sim_cost": 128,
    "input": {
        "item": "hostilenetworks:prediction_matrix"
    },
    "base_drop": {
        "item": "hostilenetworks:overworld_prediction"
    },
    "trivia": "custom.trivia.tusklin",
    "fabricator_drops": [
        {
            "item": "minecraft:porkchop",
            "count": 48
        },
        {
            "item": "minecraft:snowball",
            "count": 16
        }
    ]
}