{
	"conditions": [
		{
			"type": "forge:mod_loaded",
			"modid": "iceandfire"
		}
	],
	"entity": "iceandfire:cockatrice",
    "name": "entity.iceandfire.cockatrice",
	"name_color": "#593203",
	"gui_scale": 0.65,
	"gui_x_offset": 0,
	"gui_y_offset": 0,
	"gui_z_offset": 0,
	"sim_cost": 96,
	"input": {
		"item": "hostilenetworks:prediction_matrix"
	},
	"base_drop": {
		"item": "hostilenetworks:overworld_prediction"
	},
	"trivia": "custom.trivia.cockatrice",
	"fabricator_drops": [
		{
			"item": "minecraft:chicken",
			"count": 64
		},
		{
			"item": "minecraft:feather",
			"count": 64
		},
		{
			"item": "iceandfire:witherbone",
			"count": 8
		}
	]
}