{
	"conditions": [
		{
			"type": "forge:mod_loaded",
			"modid": "iceandfire"
		}
	],
	"entity": "iceandfire:deathworm",
    "name": "entity.iceandfire.deathworm",
	"name_color": "#D1CBA2",
	"gui_scale": 1,
	"gui_x_offset": 0,
	"gui_y_offset": 0,
	"gui_z_offset": 0,
	"sim_cost": 128,
	"input": {
		"item": "hostilenetworks:prediction_matrix"
	},
	"base_drop": {
		"item": "hostilenetworks:overworld_prediction"
	},
	"trivia": "custom.trivia.death_worm",
	"fabricator_drops": [
		{
			"item": "minecraft:rotten_flesh",
			"count": 32
		},
		{
			"item": "iceandfire:deathworm_chitin_red",
			"count": 4
		},
		{
			"item": "iceandfire:deathworm_chitin_yellow",
			"count": 8
		},
		{
			"item": "iceandfire:deathworm_chitin_white",
			"count": 16
		}
	]
}