{
	"conditions": [
		{
			"type": "forge:mod_loaded",
			"modid": "iceandfire"
		}
	],
	"entity": "iceandfire:dread_thrall",
    "name": "entity.iceandfire.dread_thrall",
	"name_color": "#2F4C4C",
	"gui_scale": 1,
	"gui_x_offset": 0,
	"gui_y_offset": 0,
	"gui_z_offset": 0,
	"sim_cost": 128,
	"input": {
		"item": "hostilenetworks:prediction_matrix"
	},
	"base_drop": {
		"item": "hostilenetworks:overworld_prediction"
	},
	"trivia": "custom.trivia.dread_thrall",
	"fabricator_drops": [
		{
			"item": "minecraft:bone",
			"count": 32
		},
		{
			"item": "iceandfire:dread_shard",
			"count": 16
		}
	]
}