{
	"conditions": [
		{
			"type": "forge:mod_loaded",
			"modid": "iceandfire"
		}
	],
	"entity": "iceandfire:ghost",
    "name": "entity.iceandfire.ghost",
	"name_color": "#F1F3F0",
	"gui_scale": 1,
	"gui_x_offset": 0,
	"gui_y_offset": -0.15,
	"gui_z_offset": 0,
	"sim_cost": 128,
	"input": {
		"item": "hostilenetworks:prediction_matrix"
	},
	"base_drop": {
		"item": "hostilenetworks:overworld_prediction"
	},
	"trivia": "custom.trivia.ghost",
	"fabricator_drops": [
		{
			"item": "iceandfire:ectoplasm",
			"count": 8
		},
		{
			"optional": true,
			"item": "biomemakeover:ectoplasm",
			"count": 8
		},
		{
			"optional": true,
			"item": "nourished_nether:ectoplasm",
			"count": 8
		}
	]
}