{
	"conditions": [
		{
			"type": "forge:mod_loaded",
			"modid": "iceandfire"
		}
	],
	"entity": "iceandfire:hippogryph",
    "name": "entity.iceandfire.hippogryph",
	"name_color": "#423933",
	"gui_scale": 0.55,
	"gui_x_offset": 0,
	"gui_y_offset": 0,
	"gui_z_offset": 0,
	"sim_cost": 80,
	"input": {
		"item": "hostilenetworks:prediction_matrix"
	},
	"base_drop": {
		"item": "hostilenetworks:overworld_prediction"
	},
	"trivia": "custom.trivia.hippogryph",
	"fabricator_drops": [
		{
			"item": "minecraft:leather",
			"count": 32
		},
		{
			"item": "minecraft:feather",
			"count": 32
		}
	]
}