{
	"conditions": [
		{
			"type": "forge:mod_loaded",
			"modid": "iceandfire"
		}
	],
	"entity": "iceandfire:lightning_dragon",
    "name": "entity.iceandfire.lightning_dragon",
	"name_color": "#000080",
	"gui_scale": 1.5,
	"gui_x_offset": 0,
	"gui_y_offset": 0,
	"gui_z_offset": 0,
	"sim_cost": 2560,
	"input": {
		"item": "hostilenetworks:prediction_matrix"
	},
	"base_drop": {
		"item": "hostilenetworks:overworld_prediction"
	},
	"trivia": "custom.trivia.lightning_dragon",
	"fabricator_drops": [
		{
			"item": "iceandfire:lightning_dragon_flesh",
			"count": 8
		},
		{
			"item": "iceandfire:dragonbone",
			"count": 16
		},
		{
			"item": "iceandfire:dragonscales_amythest",
			"count": 32
		},
		{
			"item": "iceandfire:dragonscales_black",
			"count": 32
		},
		{
			"item": "iceandfire:dragonscales_copper",
			"count": 32
		},
		{
			"item": "iceandfire:dragonscales_electric",
			"count": 32
		},
		{
			"item": "iceandfire:lightning_dragon_blood",
			"count": 4
		}
	],
    "tier_data": [
		100,
        400,
        1200,
        2400
    ],
    "data_per_kill": [
        100,
        200,
        400,
        600
    ]
}