{
	"conditions": [
		{
			"type": "forge:mod_loaded",
			"modid": "iceandfire"
		}
	],
	"entity": "iceandfire:myrmex_worker",
    "name": "entity.iceandfire.myrmex_worker",
	"name_color": "#5A330C",
	"gui_scale": 1,
	"gui_x_offset": 0,
	"gui_y_offset": 0,
	"gui_z_offset": 0,
	"sim_cost": 64,
	"input": {
		"item": "hostilenetworks:prediction_matrix"
	},
	"base_drop": {
		"item": "hostilenetworks:overworld_prediction"
	},
	"trivia": "custom.trivia.myrmex_worker",
	"fabricator_drops": [
		{
			"item": "iceandfire:myrmex_desert_chitin",
			"count": 16
		},
		{
			"item": "iceandfire:myrmex_desert_resin",
			"count": 8
		},
		{
			"item": "iceandfire:myrmex_jungle_chitin",
			"count": 16
		},
		{
			"item": "iceandfire:myrmex_jungle_resin",
			"count": 8
		}
	]
}