{
	"conditions": [
		{
			"type": "forge:mod_loaded",
			"modid": "iceandfire"
		}
	],
	"entity": "iceandfire:myrmex_queen",
    "name": "entity.iceandfire.myrmex_queen",
	"name_color": "#340306",
	"gui_scale": 1,
	"gui_x_offset": 0,
	"gui_y_offset": 0,
	"gui_z_offset": 0,
	"sim_cost": 256,
	"input": {
		"item": "hostilenetworks:prediction_matrix"
	},
	"base_drop": {
		"item": "hostilenetworks:overworld_prediction"
	},
	"trivia": "custom.trivia.myrmex_queen",
	"fabricator_drops": [
		{
			"item": "iceandfire:myrmex_desert_chitin",
			"count": 64
		},
		{
			"item": "iceandfire:myrmex_desert_resin",
			"count": 48
		},
		{
			"item": "iceandfire:myrmex_jungle_chitin",
			"count": 64
		},
		{
			"item": "iceandfire:myrmex_jungle_resin",
			"count": 48
		}
	]
}