{
	"conditions": [
		{
			"type": "forge:mod_loaded",
			"modid": "iceandfire"
		}
	],
	"entity": "iceandfire:stymphalian_bird",
    "name": "entity.iceandfire.stymphalian_bird",
	"name_color": "#5E432D",
	"gui_scale": 1,
	"gui_x_offset": 0,
	"gui_y_offset": 0,
	"gui_z_offset": 0,
	"sim_cost": 128,
	"input": {
		"item": "hostilenetworks:prediction_matrix"
	},
	"base_drop": {
		"item": "hostilenetworks:overworld_prediction"
	},
	"trivia": "custom.trivia.stymphalian_bird",
	"fabricator_drops": [
		{
			"item": "minecraft:iron_nugget",
			"count": 32
		},
		{
			"optional": true,
			"item": "create:copper_nugget",
			"count": 32
		},
		{
			"optional": true,
			"item": "thermal:copper_nugget",
			"count": 32
		},
		{
			"item": "iceandfire:copper_nugget",
			"count": 32
		},
		{
			"item": "iceandfire:stymphalian_bird_feather",
			"count": 8
		}
	]
}