{
	"conditions": [
		{
			"type": "forge:mod_loaded",
			"modid": "iceandfire"
		}
	],
	"entity": "iceandfire:troll",
    "name": "entity.iceandfire.troll",
	"name_color": "#3A4237",
	"gui_scale": 0.57,
	"gui_x_offset": 0,
	"gui_y_offset": 0,
	"gui_z_offset": 0,
	"sim_cost": 256,
	"input": {
		"item": "hostilenetworks:prediction_matrix"
	},
	"base_drop": {
		"item": "hostilenetworks:overworld_prediction"
	},
	"trivia": "custom.trivia.troll",
	"fabricator_drops": [
		{
			"item": "iceandfire:troll_leather_frost",
			"count": 16
		},
		{
			"item": "iceandfire:troll_leather_forest",
			"count": 16
		},
		{
			"item": "iceandfire:troll_leather_mountain",
			"count": 16
		},
		{
			"item": "iceandfire:troll_tusk",
			"count": 4
		}
	]
}