{
	"conditions": [
		{
			"type": "forge:mod_loaded",
			"modid": "enderzoology"
		}
	],
    "entity": "enderzoology:enderminy",
    "name": "entity.enderzoology.enderminy",
    "name_color": "#082420",
    "gui_scale": 1,
    "gui_x_offset": 0,
    "gui_y_offset": 0,
    "gui_z_offset": 0,
    "sim_cost": 448,
    "input": {
        "item": "hostilenetworks:prediction_matrix"
    },
    "base_drop": {
        "item": "hostilenetworks:end_prediction"
    },
    "trivia": "custom.trivia.enderminy",
    "fabricator_drops": [
        {
            "item": "minecraft:ender_pearl",
            "count": 4
        },
        {
            "item": "enderzoology:ender_fragment",
            "count": 40
        },
        {
            "optional": true,
            "item": "evilcraft:ender_tear",
            "count": 2
        },
        {
            "optional": true,
            "item": "reliquary:nebulous_heart",
            "count": 1
        }
    ]
}