{
	"conditions": [
		{
			"type": "forge:mod_loaded",
			"modid": "enderzoology"
		}
	],
    "entity": "enderzoology:infested_zombie",
    "name": "entity.enderzoology.infested_zombie",
    "name_color": "#2A6349",
    "gui_scale": 1,
    "gui_x_offset": 0,
    "gui_y_offset": 0,
    "gui_z_offset": 0,
    "sim_cost": 192,
    "input": {
        "item": "hostilenetworks:prediction_matrix"
    },
    "base_drop": {
        "item": "hostilenetworks:overworld_prediction"
    },
    "trivia": "custom.trivia.infested_zombie",
    "fabricator_drops": [
        {
            "item": "minecraft:rotten_flesh",
            "count": 48
        },
        {
            "item": "minecraft:carrot",
            "count": 12
        },
        {
            "item": "minecraft:potato",
            "count": 12
        },
        {
            "item": "minecraft:iron_ingot",
            "count": 6
        },
        {
            "item": "minecraft:book",
            "count": 4
        },
        {
            "item": "enderzoology:ender_fragment",
            "count": 12
        },
        {
            "optional": true,
            "item": "reliquary:zombie_heart",
            "count": 4
        }
    ]
}