{
	"conditions": [
		{
			"type": "forge:mod_loaded",
			"modid": "biomemakeover"
		}
	],
    "entity": "biomemakeover:decayed",
    "name": "entity.biomemakeover.decayed",
    "name_color": "#2C2E16",
    "gui_scale": 1,
    "gui_x_offset": 0,
    "gui_y_offset": 0,
    "gui_z_offset": 0,
    "sim_cost": 128,
    "input": {
        "item": "hostilenetworks:prediction_matrix"
    },
    "base_drop": {
        "item": "hostilenetworks:overworld_prediction"
    },
    "trivia": "custom.trivia.decayed",
    "fabricator_drops": [
        {
            "item": "minecraft:rotten_flesh",
            "count": 64
        },
        {
            "item": "minecraft:slime_ball",
            "count": 8
        }
    ]
}