{
	"conditions": [
		{
			"type": "forge:mod_loaded",
			"modid": "biomemakeover"
		}
	],
    "entity": "biomemakeover:ghost",
    "name": "entity.biomemakeover.ghost",
    "name_color": "#4C725A",
    "gui_scale": 1,
    "gui_x_offset": 0,
    "gui_y_offset": 0,
    "gui_z_offset": 0,
    "sim_cost": 128,
    "input": {
        "item": "hostilenetworks:prediction_matrix"
    },
    "base_drop": {
        "item": "hostilenetworks:overworld_prediction"
    },
    "trivia": "custom.trivia.ghost_makeover",
    "fabricator_drops": [
        {
            "item": "biomemakeover:ectoplasm",
            "count": 8
        },
		{
			"optional": true,
			"item": "iceandfire:ectoplasm",
			"count": 8
		},
		{
			"optional": true,
			"item": "nourished_nether:ectoplasm",
			"count": 8
		}
    ]
}