{
	"conditions": [
		{
			"type": "forge:mod_loaded",
			"modid": "biomemakeover"
		}
	],
    "entity": "biomemakeover:cowboy",
    "name": "entity.biomemakeover.cowboy",
    "name_color": "#484C46",
    "gui_scale": 1,
    "gui_x_offset": 0,
    "gui_y_offset": 0,
    "gui_z_offset": 0,
    "sim_cost": 160,
    "input": {
        "item": "hostilenetworks:prediction_matrix"
    },
    "base_drop": {
        "item": "hostilenetworks:overworld_prediction"
    },
    "trivia": "custom.trivia.marauder_pillager",
    "fabricator_drops": [
        {
            "item": "biomemakeover:crude_fragment",
            "count": 8
        },
        {
			"optional": true,
            "item": "food_enhancements:illager_flesh",
            "count": 32
        }
    ]
}