{
	"conditions": [
		{
			"type": "forge:mod_loaded",
			"modid": "biomemakeover"
		}
	],
    "entity": "biomemakeover:scuttler",
    "name": "entity.biomemakeover.scuttler",
    "name_color": "#332210",
    "gui_scale": 1,
    "gui_x_offset": 0,
    "gui_y_offset": 0,
    "gui_z_offset": 0,
    "sim_cost": 64,
    "input": {
        "item": "hostilenetworks:prediction_matrix"
    },
    "base_drop": {
        "item": "hostilenetworks:overworld_prediction"
    },
    "trivia": "custom.trivia.scuttler",
    "fabricator_drops": [
        {
            "item": "biomemakeover:scuttler_tail",
            "count": 4
        }
    ]
}