{
	"conditions": [
		{
			"type": "forge:mod_loaded",
			"modid": "biomemakeover"
		}
	],
    "entity": "biomemakeover:stone_golem",
    "name": "entity.biomemakeover.stone_golem",
    "name_color": "#535353",
    "gui_scale": 0.78,
    "gui_x_offset": 0,
    "gui_y_offset": 0,
    "gui_z_offset": 0,
    "sim_cost": 96,
    "input": {
        "item": "hostilenetworks:prediction_matrix"
    },
    "base_drop": {
        "item": "hostilenetworks:overworld_prediction"
    },
    "trivia": "custom.trivia.stone_golem",
    "fabricator_drops": [
        {
            "item": "biomemakeover:cladded_stone",
            "count": 12
        }
    ]
}