{
	"conditions": [
		{
			"type": "forge:mod_loaded",
			"modid": "ad_astra"
		}
	],
    "entity": "ad_astra:star_crawler",
    "name": "entity.ad_astra.star_crawler",
    "name_color": "#72878D",
    "gui_scale": 0.47,
    "gui_x_offset": 0,
    "gui_y_offset": 0,
    "gui_z_offset": 0,
    "sim_cost": 109,
    "input": {
        "item": "hostilenetworks:prediction_matrix"
    },
    "base_drop": {
        "item": "hostilenetworks:end_prediction"
    },
    "trivia": "custom.trivia.star_crawler",
    "fabricator_drops": [
        {
            "item": "minecraft:rotten_flesh",
            "count": 16
        },
        {
			"item": "ad_astra:cheese",
            "count": 8
        }
    ]
}